Provincia;Municipio;;Localidad;Código postal;Dirección;Longitud;Latitud;Precio gasolina 95 E5;Precio gasolina 95 E10;Precio gasóleo A;Precio gasóleo B;Precio gasóleo de uso marítimo;Precio gasolina 95 E25;Precio gasolina 95 E85;Precio AdBlue;Precio diesel renovable;Precio gasolina renovable	;Precio metanol	;Precio  amoniaco	;Precio BGNC	;Precio BGNL;Rótulo;Tipo venta;Rem.;Horario;;;
ALICANTE;ALICANTE/ALACANT;;ALICANTE/ALACANT;03001;MUELLE 8, ZONA DE LEVANTE, S/N;-0,481472;38,339167;1,579;;1,479;;;;;;;;;;;;MARINA ALICANTE;Suministro a barcos deportivos o de recreo;dm;L-D: 08:00-21:00;;;
ALICANTE;ALTEA;;ALTEA;03590;PUERTO DEPORTIVO LUIS CAMPOMANES, S/N - PARTIDA MASCARAT;-0,003833;38,629556;1,680;;1,630;;;;;;;;;;;;;Suministro a barcos deportivos o de recreo;dm;M-D: 10:00-18:00;;;
ALICANTE;CALPE/CALP;;CALPE;03710;EXPLANADA DEL PUERTO PESQUERO S/N;0,069162;38,637313;;;;802,200;;;;;;;;;;;COFRADIA DE PESCADORES DE CALPE;Mixto;dm;L-V: 08:00-13:30 y 15:30-19:30; S: 09:00-13:00;;;
ALICANTE;DÉNIA;;DENIA;03700;DARSENA DE BABOR S/N PUERTO DE DENIA;0,119139;38,567556;1,699;;1,569;;;;;;;;;;;;MARINA DE DENIA S.A;Suministro a barcos deportivos o de recreo;dm;L-D: 24H;;;
ALICANTE;DÉNIA;;DENIA;03700;PUERTO PESQUERO DE DENIA S/N;0,113056;38,843611;;;;;620,000;;;;;;;;;;NO HAY;Suministro a pesqueros;dm;L-V: 08:00-13:00 y 16:30-19:30;;;
ALICANTE;GUARDAMAR DEL SEGURA;;GUARDAMAR DEL SEGURA;03140;AVDA. DEL PUERTO.219;-0,646278;38,109000;1,608;;1,513;;727,000;;;;;;;;;;MARINA DE LAS DUNAS (REPSOL);Mixto;dm;L-D: 07:00-22:00;;;
ALICANTE;JÁVEA/XÀBIA;;JÁVEA/XÀBIA;03730;BURDEOS, 1;0,186222;38,775722;1,852;;;;;;;;;;;;;;NOU FONTANA;Suministro a barcos deportivos o de recreo;dm;L-D: 24H;;;
ALICANTE;ORIHUELA;;DEHESA DE CAMPOAMOR;03192;CALDERON DE LA BARCA, 2;-0,730583;37,910528;1,650;;1,550;;;;;;;;;;;;REPSOL;Suministro a barcos deportivos o de recreo;dm;L-D: 08:00-14:00 y 16:00-21:00;;;
ALICANTE;SANTA POLA;;SANTA POLA;03130;MUELLE NORTE S/N PUERTO DEPORTIVO 2;-0,560556;38,189306;1,499;;1,399;;;;;;;;;;;;MARINA MIRAMAR;Mixto;dm;L-D: 24H;;;
ALICANTE;SANTA POLA;;SANTA POLA;03130;ZONA PORTUARIA, 35;-0,558583;38,187389;1,409;;1,329;;660,000;;;;;;;;;;COFRADÍA DE PESCADORES;Mixto;dm;L-V: 09:00-13:00 y 16:00-20:00;;;
ALICANTE;VILLAJOYOSA/VILA JOIOSA (LA);;VILLAJOYOSA / VILA JOIOSA (LA);03570;PUERTO PESQUERO;-0,218833;38,506306;1,489;;1,399;;622,000;;;;;;;;;;COFRADIA;Mixto;dm;L-V: 08:00-21:00; S-D: 08:00-15:00;;;
ALMERÍA;CARBONERAS;;CARBONERAS;04140;MUELLE PESQUERO DE CARBONERAS, S/Nº;-1,897068;36,991802;1,611;;1,563;645,000;;;;;;;;;;;REPSOL;Mixto;OM;L-D: 24H;;;
ALMERÍA;GARRUCHA;;GARRUCHA;04630;PUERTO PESQUERO, S/Nº;-1,819000;37,181806;1,611;;1,563;645,000;;;;;;;;;;;REPSOL;Suministro a pesqueros;OM;L-D: 24H;;;
ASTURIAS;GIJÓN;;GIJON;33201;EDIFICIO ANTIGUA RULA C/CLAUDIO ALVARGONZALEZ S/N;-5,666444;43,546472;1,699;;1,634;;;;;;;;;;;;REPSOL;Suministro a barcos deportivos o de recreo;dm;L-D: 24H;;;
ASTURIAS;VALDÉS;;LUARCA;33700;PUERTO PESQUERO S/N;-6,533389;43,546167;;;;688,000;;;;;;;;;;;REPSOL;Suministro a pesqueros;OM;L: 14:00-18:00; J: 14:00-18:00;;;
BALEARS (ILLES);ALCÚDIA;;ALCUDIA;07400;ARRANQUE MUELLE PESQUERO, S/Nº;3,135361;39,838250;;;;735,000;;;;;;;;;;;REPSOL;Suministro a pesqueros;OM;L-V: 09:00-14:00 y 15:00-18:00;;;
BALEARS (ILLES);ALCÚDIA;;ALCUDIA;07400;PASEO MARITIMO, 1;3,134806;39,836944;1,660;;1,600;;;;;;;;;;;;ALCUDIAMAR;Suministro a barcos deportivos o de recreo;dm;L-D: 24H;;;
BALEARS (ILLES);ANDRATX;;ANDRATX;07150;MUELLE PESQUERO, S/Nº;2,389461;39,545484;;;;735,000;;;;;;;;;;;REPSOL;Suministro a pesqueros;OM;L-D: 24H;;;
BALEARS (ILLES);CALVIÀ;;SANTA PONÇA;07180;VIA DE LA CRUZ 46;2,464972;39,512556;1,550;;1,650;;;;;;;;;;;;CEPSA;Suministro a barcos deportivos o de recreo;dm;L-D: 09:30-20:00;;;
BALEARS (ILLES);CAMPOS;;RAPITA (SA);07639;EXPLANADA DEL PUERTO, S/N;2,951099;39,359178;1,660;;1,570;;;;;;;;;;;;CLUB NAUTICO LA RAPITA;Suministro a barcos deportivos o de recreo;dm;L-S: 08:00-18:00; D: 08:00-13:00;;;
BALEARS (ILLES);CAPDEPERA;;CALA RATJADA;07590;MUELLE PESQUERO, S/Nº;3,464183;39,709928;1,627;;1,588;735,000;;;;;;;;;;;REPSOL;Mixto;OM;L-D: 24H;;;
BALEARS (ILLES);CIUTADELLA DE MENORCA;;CIUTADELLA DE MENORCA;07760;CAMI DE BAIX S/N;3,829972;39,999028;1,769;;1,649;969,000;;;;;;;;;;;GALP- CLUB NÁUTICO CIUTADELLA  ;Mixto;dm;L-V: 09:00-18:30; S-D: 09:00-13:00;;;
BALEARS (ILLES);EIVISSA;;EIVISSA;07800;PASSEIG JOAN CARLES I, 20;1,443722;38,913806;1,686;;1,626;;;;;;;;;;;;REPSOL;Suministro a barcos deportivos o de recreo;dm;L-D: 09:00-14:00 y 16:00-20:00;;;
BALEARS (ILLES);EIVISSA;;EIVISSA;07800;MUELLE COMERCIAL, S/Nº;1,439183;38,913817;;;;735,000;;;;;;;;;;;REPSOL;Suministro a pesqueros;OM;L-D: 24H;;;
BALEARS (ILLES);MERCADAL (ES);;FORNELLS;07748;PASSATGE ES PLA S/N;4,129750;40,056806;1,759;;1,609;;;;;;;;;;;;U.S.PUERTO FORNELLS;Suministro a barcos deportivos o de recreo;dm;X: 09:00-13:00;;;
BALEARS (ILLES);PALMA DE MALLORCA;;PALMA;07001;MUELLE VIEJO, S/N ESPIGÓN EXTERIOR;2,638278;39,564667;;;1,500;;;;;;;;;;;;STP;Suministro a barcos deportivos o de recreo;dm;L-D: 08:00-20:00;;;
BALEARS (ILLES);PALMA DE MALLORCA;;PALMA;07012;MUELLE VIEJO, S/Nº (EL MOLLET);2,640572;39,566595;;;1,588;735,000;;;;;;;;;;;REPSOL;Mixto;OM;L-D: 24H;;;
BALEARS (ILLES);PALMA DE MALLORCA;;PALMA;07015;AVENIDA INGENIERO GABRIEL ROCA S/N;2,625639;39,556722;1,630;;;;1510,000;;;;;;;;;;CLUB DE MAR - MALLORCA;Suministro a barcos deportivos o de recreo;dm;L-D: 09:00-20:00;;;
BALEARS (ILLES);POLLENÇA;;POLLENÇA;07460;MUELLE VIEJO, S/N;3,085361;39,904222;;;;735,000;;;;;;;;;;;POR RELLENAR;Mixto;OM;L-D: 08:00-13:00 y 15:30-19:30;;;
BALEARS (ILLES);POLLENÇA;;PORT DE POLLENÇA;07470;MUELLE VIEJO, S/N;3,083333;39,900000;1,629;;1,529;;;;;;;;;;;;RCNPP;Suministro a barcos deportivos o de recreo;dm;L-D: 08:30-13:00 y 15:00-19:00;;;
BALEARS (ILLES);SANTANYÍ;;CALA FIGUERA;07659;MUELLE, S/Nº SANTANY;3,170294;39,331317;;;;735,000;;;;;;;;;;;REPSOL;Suministro a pesqueros;OM;L-D: 24H;;;
BALEARS (ILLES);SÓLLER;;SOLLER;07100;MUELLE COMERCIAL, S/Nº;2,694461;39,797150;1,627;;1,588;735,000;;;;;;;;;;;REPSOL;Mixto;OM;L-D: 24H;;;
BALEARS (ILLES);SON SERVERA;;CALA BONA;07559;NUEVO PUERTO DE LAREDO, S/Nº;3,392472;39,613917;;;1,588;735,000;;;;;;;;;;;REPSOL;Mixto;OM;L-D: 09:00-13:00 y 15:00-20:00;;;
BARCELONA;BARCELONA;;BARCELONA;08003;MUELLE DE BALEARES, S/Nº;2,185510;41,372778;;;;697,000;;;;;;;;;;;REPSOL;Suministro a pesqueros;OM;L-D: 24H;;;
BARCELONA;BARCELONA;;BARCELONA;08005;S/N;2,334889;41,649278;1,639;;1,509;;;;;;;;;;;;AUTONETOIL;Suministro a barcos deportivos o de recreo;dm;L-D: 08:00-22:00;;;
BARCELONA;BARCELONA;;BARCELONA;08001;PS JOAN DE BORBO 103;2,186639;41,363417;1,669;;;;1539,000;;;;;;;;;;SHELL;Suministro a barcos deportivos o de recreo;dm;L-D: 24H;;;
BARCELONA;SITGES;;SITGES;08870;TORRE CAPITANIA  S N    PUERTO DEPORTIVO AIGUADOLC;;;1,614;;1,508;;;;;;;;;;;;REPSOL;Suministro a barcos deportivos o de recreo;dm;L-D: 09:30-18:30;;;
BARCELONA;SITGES;;GARRAF;08870;PORT DEL GARRAF;1,900056;41,249306;1,549;;1,499;;;;;;;;;;;;PETROPRIX;Suministro a barcos deportivos o de recreo;dm;L-D: 08:00-18:00;;;
BARCELONA;VILANOVA I LA GELTRÚ;;VILANOVA I LA GELTRU;08800;LG ENTRE MUELLE DE LA LLOTJA Y PESCADO;1,735861;41,215917;;;;685,000;;;;;;;;;;;COFRADIA DE PESCADORS DE VILANOVA I LA GELTRU;Suministro a pesqueros;dm;L-D: 24H;;;
BIZKAIA;BERMEO;;BERMEO;48370;MUELLE NUEVO S/Nº;-2,718222;43,417250;;;;651,000;;;;;;;;;;;REPSOL;Suministro a pesqueros;OM;L-D: 24H;;;
BIZKAIA;ONDARROA;;ONDARROA;48700;EGUIDAZU KAIA, S/N;-2,419056;43,326417;;;;651,000;;;;;;;;;;;REPSOL;Suministro a pesqueros;OM;L-D: 24H;;;
CÁDIZ;CHIPIONA;;CHIPIONA;11550;PUERTO PESQUERO DEPORTIVO, S/Nº;-6,429944;36,746500;1,575;;1,572;727,000;;;;;;;;;;;REPSOL;Mixto;OM;L-D: 24H;;;
CÁDIZ;CONIL DE LA FRONTERA;;CONIL DE LA FRONTERA;11140;LONJA DE PESCADO DE CONIL DE LA FRONTERA;-6,136889;36,294389;1,530;;1,410;800,000;;;;;;;;;;;TRAFALGAR OILS;Mixto;dm;L: 10:00-14:00 y 16:00-19:00;;;
CANTABRIA;CASTRO-URDIALES;;CASTRO URDIALES;39700;MUELLE EQUILIÓN S/N;-3,221000;43,382444;1,609;;1,546;653,000;;;;;;;;;;;REPSOL;Mixto;OM;L-V: 09:00-13:00;;;
CANTABRIA;COLINDRES;;COLINDRES;39750;MUELLE PESQUERO, S/Nº;-3,463028;43,393917;1,609;;1,546;653,000;;;;;;;;;;;REPSOL;Suministro a pesqueros;OM;L-D: 24H;;;
CANTABRIA;LAREDO;;LAREDO;39770;NUEVO PUERTO DE LAREDO, S/Nº;-3,415444;43,418778;1,609;;1,546;653,000;;;;;;;;;;;REPSOL;Mixto;OM;L-S: 09:00-13:00 y 14:00-18:00;;;
CANTABRIA;MARINA DE CUDEYO;;PEDREÑA;39130;BARRIO LA BARQUERIA 151-ES;-3,766472;43,447167;1,699;;1,599;;;;;;;;;;;;REPSOL;Suministro a barcos deportivos o de recreo;dm;L-D: 06:00-21:30;;;
CANTABRIA;SAN VICENTE DE LA BARQUERA;;SAN VICENTE DE LA BARQUERA;39540;AVDA. ANTONIO GARELY, S/Nº;-4,397750;43,385028;;;1,546;653,000;;;;;;;;;;;REPSOL;Suministro a pesqueros;OM;L-D: 24H;;;
CANTABRIA;SANTANDER;;SANTANDER;39009;PUERTO PSQUERO;-3,821333;43,449222;;;;653,000;;;;;;;;;;;REPSOL;Suministro a pesqueros;OM;L-J: 09:00-13:00 y 14:00-18:00;;;
CANTABRIA;SANTOÑA;;SANTOÑA;39740;MUELLE PESQUERO, S/Nº;-3,463306;43,441972;1,609;;1,546;653,000;;;;;;;;;;;REPSOL;Suministro a pesqueros;OM;L-D: 24H;;;
CANTABRIA;SUANCES;;SUANCES;39340;MUELLE PESQUERO, S/Nº;-4,035250;43,425306;1,609;;1,546;653,000;;;;;;;;;;;REPSOL;Suministro a pesqueros;OM;L-D: 24H;;;
CASTELLÓN / CASTELLÓ;ALCALÀ DE XIVERT;;ALCOSSEBRE;12579;PM PUERTO DEPORTIVO LAS FUENTES DE ALCOCEBRE;0,280667;40,247972;1,499;;1,437;;;;;;;;;;;;;Suministro a barcos deportivos o de recreo;dm;L-D: 09:00-13:00 y 16:00-19:00;;;
CASTELLÓN / CASTELLÓ;BURRIANA;;BURRIANA;12530;MUELLE DE PONIENTE;-0,069139;39,859056;1,630;;1,510;;;;;;;;;;;;MARINA BURRIANANOVA, S.A.;Suministro a barcos deportivos o de recreo;dm;L-D: 24H;;;
CASTELLÓN / CASTELLÓ;CASTELLÓN DE LA PLANA/CASTELLÓ DE LA PLANA;;CASTELLON DE LA PLANA;12100;ESCOLLERA DE PONIENTE, S/N;0,020639;39,968583;1,579;;1,540;;;;;;;;;;;;REAL CLUB NAUTICO DE CASTELLON;Suministro a barcos deportivos o de recreo;dm;L-D: 24H;;;
CASTELLÓN / CASTELLÓ;CASTELLÓN DE LA PLANA/CASTELLÓ DE LA PLANA;;CASTELLON DE LA PLANA;12100;MUELLE PESQUERO, S/Nº;-0,019836;39,966340;;;;662,000;;;;;;;;;;;REPSOL;Suministro a pesqueros;OM;L-D: 24H;;;
CASTELLÓN / CASTELLÓ;OROPESA DEL MAR/ORPESA;;OROPESA;12594;PARTIDA DENOMINADA PUERTO DEPORTIVO;0,146806;40,081306;1,657;;1,558;;;;;;;;;;;;CLUB NAUTICO DE OROPESA;Suministro a barcos deportivos o de recreo;dm;L-D: 24H;;;
CASTELLÓN / CASTELLÓ;PEÑÍSCOLA;;PEÑISCOLA;12598;EXPLANADA  DEL PUERTO S/N;0,406167;40,356417;;;;650,000;;;;;;;;;;;NINGUNO;Suministro a pesqueros;dm;L-V: 09:00-13:00 y 15:00-19:00;;;
CORUÑA (A);CAMARIÑAS;;CAMARIÑAS;15123;MUELLE PESQUERO, S/Nº;-9,182914;43,128027;;;;667,000;;;;;;;;;;;REPSOL;Suministro a pesqueros;OM;L-D: 24H;;;
CORUÑA (A);CARIÑO;;CARIÑO;15593;MUELLE PESQUERO, S/Nº;-7,866525;43,737749;;;;684,000;;;;;;;;;;;REPSOL;Suministro a pesqueros;OM;L-D: 24H;;;
CORUÑA (A);CORUÑA (A);;CORUÑA (A);15001;PASEO MARITIMO ALCALDE FCO VAZQUEZ S/N ;-8,383556;43,366889;1,559;;1,565;;;;;;;;;;;;MARINA CORUÑA;Suministro a barcos deportivos o de recreo;dm;L-D: 24H;;;
CORUÑA (A);CORUÑA (A);;CORUÑA (A);15006;DÁRSENA DE OZA, S/Nº;-8,379303;43,348582;;;;643,000;;;;;;;;;;;REPSOL;Suministro a pesqueros;OM;L-D: 24H;;;
CORUÑA (A);FERROL;;FERROL;15401;MUELLE DE CRUXEIRAS, S/Nº;-8,244306;43,478306;1,556;;1,539;667,000;;;;;;;;;;;REPSOL;Mixto;OM;L-D: 24H;;;
CORUÑA (A);FISTERRA;;FISTERRA;15155;MUELLE PESQUERO, S/Nº;-9,259750;42,907389;;;;666,000;;;;;;;;;;;REPSOL;Suministro a pesqueros;OM;L-D: 24H;;;
CORUÑA (A);LAXE;;LAXE;15117;MUELLE PESQUERO, S/Nº;-9,001803;43,223304;;;;666,000;;;;;;;;;;;REPSOL;Suministro a pesqueros;OM;L-D: 24H;;;
CORUÑA (A);MALPICA DE BERGANTIÑOS;;MALPICA;15113;MUELLE PESQUERO, S/Nº;-8,808192;43,323304;;;;667,000;;;;;;;;;;;REPSOL;Suministro a pesqueros;OM;L-D: 24H;;;
CORUÑA (A);MUROS;;MUROS;15250;MUELLE PESQUERO S/N;-9,055972;42,776083;1,556;;1,515;667,000;;;;;;;;;;;REPSOL;Mixto;OM;L-D: 24H;;;
CORUÑA (A);MUXÍA;;MUXIA;15124;MUELLE PESQUERO, S/Nº;-9,214858;43,105804;;;;668,000;;;;;;;;;;;REPSOL;Suministro a pesqueros;OM;L-D: 24H;;;
CORUÑA (A);POBRA DO CARAMIÑAL (A);;POBRA DO CARAMIÑAL;15940;MUELLE COMERCIAL S/N;-8,935417;42,609083;1,469;;1,469;727,000;;;;;;;;;;;AVIA;Mixto;dm;L-D: 07:00-23:00;;;
CORUÑA (A);PORTO DO SON;;PORTO DO SON;15970;MUELLE PESQUERO, S/Nº;-9,003469;42,726638;;;;728,000;;;;;;;;;;;REPSOL;Suministro a pesqueros;OM;L-D: 24H;;;
CORUÑA (A);PORTO DO SON;;PORTOSIN;15999;MUELLE PESQUERO, S/Nº;-8,947358;42,760804;;;;668,000;;;;;;;;;;;REPSOL;Mixto;OM;L-D: 24H;;;
CORUÑA (A);RIANXO;;RIANXO;15920;PORTO DE RIANXO, S/N;-8,822417;42,647389;1,549;;1,539;720,000;;;;;;;;;;;VALCARCE;Mixto;dm;L: 07:00-23:00;;;
CORUÑA (A);RIBEIRA;;SANTA UXIA DE RIBEIRA;15960;MUELLE PESQUERO, S/Nº;-8,989025;42,561360;;;;648,000;;;;;;;;;;;REPSOL;Suministro a pesqueros;OM;L-D: 24H;;;
CORUÑA (A);SADA;;SADA;15160;MUELLE PESQUERO, S/Nº;-8,246528;43,362750;1,556;;1,539;666,000;;;;;;;;;;;REPSOL;Suministro a pesqueros;OM;L-D: 24H;;;
CORUÑA (A);SADA;;SADA;15160;AVENIDA DEL PUERTO, S/N;-8,248306;43,357556;1,560;;1,555;;;;;;;;;;;;SADAMAR - GALP;Suministro a barcos deportivos o de recreo;dm;L-D: 24H;;;
GIPUZKOA;GETARIA;;GETARIA;20808;MUELLE PESQUERO S/N;-2,127945;43,275584;;;;651,000;;;;;;;;;;;REPSOL;Suministro a pesqueros;OM;L-D: 24H;;;
GIPUZKOA;HONDARRIBIA;;HONDARRIBIA;20280;PASEO IRIBARREN, S/N;-1,790722;43,388361;;;;651,000;;;;;;;;;;;REPSOL;Suministro a pesqueros;OM;L-D: 24H;;;
GIPUZKOA;PASAIA;;PASAI DONIBANE;20110;MUELLE DONI-BANE S/N;-1,911389;43,322250;;;;651,000;;;;;;;;;;;REPSOL;Suministro a pesqueros;OM;L-D: 08:00-13:00 y 15:00-17:00;;;
GIRONA;BLANES;;BLANES;17300;ESPLANADA DEL PORT S/N;2,797889;41,675083;1,659;;1,589;;;;;;;;;;;;CLUB VELA BLANES;Suministro a barcos deportivos o de recreo;dm;L-D: 24H;;;
GIRONA;ESCALA (L');;ESCALA (L');17130;PORT LA CLOTA S/N;3,126222;42,119194;1,599;;1,529;;;;;;;;;;;;CLUB NAUTIC L'ESCALA;Suministro a barcos deportivos o de recreo;dm;L-D: 24H;;;
GIRONA;PALAMÓS;;PALAMOS;17230;SALVADOR ALBERT I PEY S/N ;3,136500;41,846222;1,650;;1,570;;;;;;;;;;;;PORT ESPORTIU MARINA PALAMOS;Suministro a barcos deportivos o de recreo;dm;L-D: 24H;;;
GIRONA;PALAMÓS;;PALAMOS;17230;MUELLE PESQUERO, S/N;3,125417;41,844667;;;;683,000;;;;;;;;;;;REPSOL;Suministro a pesqueros;OM;L-D: 24H;;;
GIRONA;PORT DE LA SELVA (EL);;PORT DE LA SELVA (EL);17489;LLOIA S/N;;;1,679;;1,589;;;;;;;;;;;;NINGUNO;Suministro a barcos deportivos o de recreo;dm;L: 09:00-13:00 y 15:00-17:00;;;
GIRONA;ROSES;;ROSES;17480;ZONA DE DIC ABRIC - PUERTO DEPORTIVO DE ROSES;;;1,634;;1,629;;;;;;;;;;;;PETREM MAR;Suministro a barcos deportivos o de recreo;dm;L-D: 24H;;;
GIRONA;ROSES;;ROSES;17480;MUELLE PESQUERO, S/Nº;3,179420;42,252791;;;;677,000;;;;;;;;;;;REPSOL;Suministro a pesqueros;OM;L-D: 24H;;;
GIRONA;SANT FELIU DE GUÍXOLS;;SANT FELIU DE GUIXOLS;17220;ZONA ESPORTIVA DEL PORT, S/Nº;3,030528;41,773889;1,600;;1,550;;;;;;;;;;;;CLUB NAUTIC SANT FELIU DE GUIXOLS;Suministro a barcos deportivos o de recreo;dm;L-D: 24H;;;
GIRONA;SELVA DE MAR (LA);;SELVA DE MAR (LA) NUCLI;17489;MUELLE PESQUERO, S/Nº;3,200253;42,340846;;;;717,000;;;;;;;;;;;REPSOL;Suministro a pesqueros;OM;L-D: 24H;;;
GIRONA;TORROELLA DE MONTGRÍ;;TORROELLA DE MONTGRI;17258;ESPLANA DEL PORT S/N L'ESTARTIT;3,203972;42,052278;;;;969,000;;;;;;;;;;;;Mixto;dm;X: 08:00-12:00; V: 08:00-12:00;;;
GIRONA;TORROELLA DE MONTGRÍ;;TORROELLA DE MONTGRI;17258;PASSEIG MARÍTIM, S/N;;;1,680;;1,604;;;;;;;;;;;;CLUB NAUTIC ESTARTIT;Suministro a barcos deportivos o de recreo;dm;L: 08:00-17:45;;;
GRANADA;ALMUÑÉCAR;;HERRADURA (LA);18697;TORRE DE CONTROL, PUERTO DEPORTIVO PUNTA DE LA MONA (MARINA DEL ESTE);-3,726417;36,727722;1,852;;1,804;;;;;;;;;;;;MARINA DEL MEDITERRANEO ESTE S.L.;Suministro a barcos deportivos o de recreo;dm;L-D: 09:00-19:00;;;
HUELVA;PUNTA UMBRÍA;;PUNTA UMBRIA;21100;MUELLE DEPORTIVO PUNTA UMBRIA, S/N - AVDA. LA RIA, S/N;-6,959417;37,181750;1,595;;1,585;;;;;;;;;;;;CEPSA;Suministro a barcos deportivos o de recreo;OM;L-V: 09:30-13:00 y 15:00-17:30; S: 09:30-13:00;;;
LUGO;BURELA;;BURELA;27880;MUELLE PESQUERO, S/Nº;-7,254818;43,660537;;;;629,000;;;;;;;;;;;REPSOL;Suministro a pesqueros;OM;L-D: 24H;;;
LUGO;RIBADEO;;RIBADEO;27700;MUELLE PESQUERO, S/Nº;-7,038707;43,532759;;;;718,000;;;;;;;;;;;REPSOL;Suministro a pesqueros;OM;L-D: 24H;;;
LUGO;VIVEIRO;;CELEIRO;27863;MUELLE PESQUERO, S/Nº;-7,595929;43,676370;;;;653,000;;;;;;;;;;;REPSOL;Suministro a pesqueros;OM;L-D: 24H;;;
MÁLAGA;FUENGIROLA;;FUENGIROLA;29640;PUERTO PESQUERO-DEPORTIVO;-4,615750;36,542333;1,781;;1,736;717,000;;;;;;;;;;;REPSOL;Mixto;OM;L-D: 24H;;;
MÁLAGA;MANILVA;;MANILVA;29691;PUERTO DEPORTIVO DE LA DUQUESA;;;1,832;;1,787;;;;;;;;;;;;REPSOL;Suministro a barcos deportivos o de recreo;dm;L-D: 24H;;;
MÁLAGA;MARBELLA;;MARBELLA;29600;PUERTO DEPORTIVO MARBELLA;-4,889944;36,505833;1,649;;1,579;;;;;;;;;;;;ENERPUS;Suministro a barcos deportivos o de recreo;dm;L-D: 24H;;;
MÁLAGA;VÉLEZ-MÁLAGA;;CALETA DE VELEZ;29751;PUERTO PESQUERO,S/Nº;-4,069361;36,747611;1,759;;1,724;707,000;;;;;;;;;;;REPSOL;Mixto;OM;L-D: 24H;;;
MURCIA;ÁGUILAS;;AGUILAS;30880;MUELLE PESQUERO, S/N;-1,578720;37,402935;;;;702,000;;;;;;;;;;;REPSOL;Suministro a pesqueros;OM;L-D: 24H;;;
MURCIA;CARTAGENA;;CARTAGENA;30202;MUELLE STA. LUCÍA, S/Nº;-0,975942;37,597657;;;;702,000;;;;;;;;;;;REPSOL;Mixto;OM;L-D: 24H;;;
MURCIA;CARTAGENA;;CARTAGENA;30202;PASEO ALFONSO XII;-0,981722;37,596583;1,519;;1,489;;;;;;;;;;;;ROYMAGA PETROELOS;Suministro a barcos deportivos o de recreo;dm;L-D: 24H;;;
MURCIA;CARTAGENA;;CABO DE PALOS;30370;MUELLE DE LA SAL, S/Nº;-0,698720;37,630712;;;;742,000;;;;;;;;;;;REPSOL;Mixto;OM;L-D: 24H;;;
MURCIA;MAZARRÓN;;MAZARRON;30870;MUELLE PESQUERO, S/Nº;-1,255109;37,563768;;;;702,000;;;;;;;;;;;REPSOL;Suministro a pesqueros;OM;L-D: 24H;;;
MURCIA;SAN JAVIER;;SAN JAVIER;30370;PUERTO TOMAS MAESTRE S/N;-0,743194;37,747639;1,650;;1,550;;;;;;;;;;;;PALUSOIL, S.L.U.;Mixto;dm;L: 08:30-18:30;;;
PALMAS (LAS);ARRECIFE;;ARRECIFE;35509;AV. OLOF PALME, S/N;-13,537917;28,965028;1,167;;1,177;;;;;;;;;;;;;Suministro a barcos deportivos o de recreo;dm;L: 08:15-19:30;;;
PALMAS (LAS);MOGÁN;;MOGAN;35140;DIQUE SUR. PUERTO DE MOGAN;-15,764056;27,815861;1,169;;1,159;;;;;;;;;;;;REPSOL;Suministro a barcos deportivos o de recreo;dm;L-D: 09:00-13:00 y 15:00-17:50;;;
PALMAS (LAS);PÁJARA;;MORRO JABLE;35625;MUELLE DEPORTIVO S/N;-14,358750;28,048722;1,264;;1,149;;;;;;;;;;;;H2GO REPSOL MORRO JABLE;Mixto;dm;L-D: 08:00-20:00;;;
PALMAS (LAS);PUERTO DEL ROSARIO;;PUERTO DEL ROSARIO;35600;DARSENA PESQUERA S/N;-13,859889;28,495639;1,269;;;;;;;;1,149;;;;;;REPSOL MUELLE CHICO;Mixto;dm;L-D: 08:00-20:00;;;
PALMAS (LAS);SAN BARTOLOMÉ DE TIRAJANA;;SAN BARTOLOME TIRAJANA;35106;CARRETERA GC-500 S/N (ANTIGUA CTRA. C-812) URBANIZACION PASITO BLANCO (VARADERO);-15,621667;27,746944;1,239;;1,187;;;;;;;;;;;;DISA;Suministro a barcos deportivos o de recreo;dm;L-D: 08:00-18:00;;;
PALMAS (LAS);YAIZA;;YAIZA;35570;C/ EL BERRUGO, 2;-13,816639;28,857111;1,233;;1,244;;;;;;;;;;;;MARINA RUBICON;Suministro a barcos deportivos o de recreo;dm;L-D: 07:30-19:30;;;
PALMAS (LAS);YAIZA;;PUERTO CALERO;35570;LOS PANTALANES S/N;-13,705333;28,915833;1,139;;1,138;;;;;;;;;;;;MARINA PUERTO CALERO;Suministro a barcos deportivos o de recreo;dm;L-D: 08:15-19:45;;;
PONTEVEDRA;BUEU;;BUEU;36930;MUELLE PESQUERO, S/Nº;-8,785126;42,329376;;;1,539;684,000;;;;;;;;;;;REPSOL;Mixto;OM;L-D: 24H;;;
PONTEVEDRA;CAMBADOS;;CAMBADOS;36630;MUELLE DE TRAGOVE, S/Nº;-8,828182;42,518542;;;;688,000;;;;;;;;;;;REPSOL;Mixto;OM;L-D: 24H;;;
PONTEVEDRA;CANGAS;;CANGAS;36940;PUERTO DE CANGAS, S/N;-8,782528;42,260472;1,549;;1,519;699,000;;;;;;;;;;;COMBUSTIBLES PUERTO DE CANGAS;Mixto;dm;L-V: 08:30-14:00 y 16:00-18:00;;;
PONTEVEDRA;MOAÑA;;MOAÑA;36950;MUELLE PESQUERO, S/Nº;-8,735126;42,274931;;;;674,000;;;;;;;;;;;REPSOL;Suministro a pesqueros;OM;L-D: 24H;;;
PONTEVEDRA;SANXENXO;;SANXENXO;36960;AVENIDA AUGUSTO GONZALEZ BESADA, S/N;-8,804015;42,395292;1,700;;1,730;;;;;;;;;;;;REPSOL;Suministro a barcos deportivos o de recreo;dm;L-D: 10:00-13:30 y 16:00-19:00;;;
PONTEVEDRA;SANXENXO;;PORTONOVO;36970;MUELLE COMERCIAL, S/Nº;-8,817778;42,395833;;;1,539;688,000;;;;;;;;;;;REPSOL;Mixto;OM;L-D: 24H;;;
PONTEVEDRA;VIGO;;VIGO;36202;AVDA. DE BEIRAMAR, 61;-8,617904;42,296598;;;;590,000;;;;;;;;;;;REPSOL;Suministro a pesqueros;OM;L-D: 24H;;;
PONTEVEDRA;VIGO;;VIGO;36208;MUELLE DE REPARACIONES DE BOUZAS S/N;-8,743111;42,230861;1,730;;1,660;;;;;;;;;;;;MARINA DAVILA;Suministro a barcos deportivos o de recreo;dm;L-D: 08:00-20:00;;;
PONTEVEDRA;VIGO;;VIGO;36207;BAJADA A LA LAGOA S/N;-8,707083;42,256194;1,800;;1,700;;;;;;;;;;;;REPSOL;Mixto;dm;L: 09:00-20:00;;;
PONTEVEDRA;VILANOVA DE AROUSA;;VILANOVA DE AROUSA;36620;PUERTO DE VILANOVA S/N;-8,834611;42,564667;1,364;;1,284;799,000;;;;;;;;;;;CARBURANTES PORTO DE VILANOVA;Mixto;dm;L-V: 08:00-15:00; S: 09:00-14:00;;;
SANTA CRUZ DE TENERIFE;ADEJE;;ADEJE;38670;PUERTO DEPORTIVO PUERTO COLON, EDF.CAPITANIA 1ª PLANTA;-16,737889;28,079333;1,247;;1,217;;;;;;;;;;;;DISA;Suministro a barcos deportivos o de recreo;dm;L-D: 08:00-17:45;;;
SANTA CRUZ DE TENERIFE;ARONA;;ARONA;38649;MUELLE TRANSVERSAL DEL PUERTO DE LOS CRISTIANOS;-16,718694;28,047917;1,102;;1,164;;;;;;;;;;;;NAC MARINE FUEL ;Mixto;dm;L-S: 08:00-14:30;;;
SANTA CRUZ DE TENERIFE;SAN SEBASTIÁN DE LA GOMERA;;SAN SEBASTIAN DE LA GOMERA;38800;PUERTO DEPORTIVO, S/N;-17,107028;28,089583;1,489;;1,369;;;;;;;;;;;;DISA;Mixto;dm;L-D: 08:00-18:00;;;
SANTA CRUZ DE TENERIFE;SANTA CRUZ DE LA PALMA;;SANTA CRUZ DE LA PALMA;38700;DARSENA DE EMBARCACIONES MENORES PUERTO SANTA CRUZ DE LA PALMA;-17,767333;28,679083;1,408;;1,373;;;;;;;;;;;;SIN ROTULO;Suministro a barcos deportivos o de recreo;dm;L-S: 08:00-20:00; D: 08:00-15:30;;;
TARRAGONA;AMETLLA DE MAR (L');;AMETLLA DE MAR (L');43860;PORT CALAFAT;0,850278;40,927333;1,430;;1,350;;;;;;;;;;;;ALAS - PORT CALAFAT;Suministro a barcos deportivos o de recreo;dm;L-D: 24H;;;
TARRAGONA;CALAFELL;;SEGUR DE CALAFELL;43882;Pº MARITIMO S/N;1,607556;41,186083;1,548;;1,467;;;;;;;;;;;;PORT SEGUR CALAFELL, S.A.;Suministro a barcos deportivos o de recreo;dm;L-D: 08:00-20:00;;;
TARRAGONA;CAMBRILS;;CAMBRILS;43850;PUERTO PESQUERO, S/Nº;1,061881;41,062750;;;;677,000;;;;;;;;;;;REPSOL;Suministro a pesqueros;OM;L-D: 24H;;;
TARRAGONA;CAMBRILS;;CAMBRILS;43850;PASSEIG MIRAMAR, 44;1,060028;41,067139;1,582;;1,515;;;;;;;;;;;;CLUB NAUTIC CAMBRILS;Suministro a barcos deportivos o de recreo;dm;L-D: 24H;;;
TARRAGONA;DELTEBRE;;DELTEBRE;43580;ML PUERTO DELTEBRE;0,843167;40,717361;1,458;;1,359;;675,000;;;;;;;;;;CARBURANTS DEL MONTSIÀ;Mixto;dm;L-D: 24H;;;
TARRAGONA;SANT CARLES DE LA RÀPITA;;LA RÁPITA;43540;PUERTO, S/Nº;0,596881;40,613861;;;;677,000;;;;;;;;;;;REPSOL;Suministro a pesqueros;OM;L-D: 24H;;;
TARRAGONA;TORREDEMBARRA;;TORREDEMBARRA;43830;EDIFICIO CAPITANIA, S/N;;;1,564;;1,509;596,000;;;;;;;;;;;LIBRE;Mixto;dm;L-D: 09:00-14:00 y 16:00-19:00;;;
TARRAGONA;VANDELLÒS I L'HOSPITALET DE L'INFANT;;HOSPITALET DE L'INFANT;43890;MUELLE DR. CAPELLA S/N PUERTO DEPORTIVO;0,927694;40,988639;1,588;;1,515;;;;;;;;;;;;REPSOL;Suministro a barcos deportivos o de recreo;dm;L-D: 08:00-20:00;;;
VALENCIA / VALÈNCIA;OLIVA;;OLIVA;46780;ALFONSO EL MAGNANIMO, 41;-0,094694;38,931639;1,510;;1,470;;;;;;;;;;;;BP OIL;Suministro a barcos deportivos o de recreo;dm;L: 08:00-19:00;;;
VALENCIA / VALÈNCIA;POBLA DE FARNALS (LA);;POBLA DE FARNALS (LA);46137;PLAZA CORTES VALENCIANAS S/N;-0,284167;39,560333;1,665;;1,580;;;;;;;;;;;;POBLA MARINA;Suministro a barcos deportivos o de recreo;dm;L-D: 07:00-21:00;;;
VALENCIA / VALÈNCIA;VALENCIA;;VALENCIA;46024;DIQUE NORTE, BOCANA DARSENA INTERIOR ;-0,312278;39,461306;1,619;;;1079,000;1599,000;;;;;;;;;;REPSOL ;Suministro a barcos deportivos o de recreo;dm;L-D: 08:00-18:00;;;
VALENCIA / VALÈNCIA;VALENCIA;;VALENCIA;46024;CAMINO DE CANAL, 91 - CLUB NAUTICO DE VALENCIA;-0,330722;39,429917;1,639;;1,599;;1069,000;;;;;;;;;;EXCLUSIVAS BAYMAR, S.A.;Suministro a barcos deportivos o de recreo;dm;L-D: 24H;;;
